{
  "name": "firebase",
  "version": "2.2.7",
  "homepage": "https://firebase.com",
  "authors": [
    "Firebase <operations@firebase.com>"
  ],
  "description": "Firebase Web Client",
  "main": "firebase.js",
  "keywords": [
    "Firebase",
    "synchronization",
    "real-time",
    "websocket"
  ],
  "license": "MIT",
  "private": false,
  "ignore": [
    "**/.*",
    "node_modules",
    "bower_components",
    "test",
    "tests"
  ],
  "_release": "2.2.7",
  "_resolution": {
    "type": "version",
    "tag": "v2.2.7",
    "commit": "904997bac4594a0946dab838da071fdeac9ef2d2"
  },
  "_source": "git://github.com/firebase/firebase-bower.git",
  "_target": "2.x",
  "_originalSource": "firebase"
}