{
  "name": "firepad",
  "description": "Collaborative text editing powered by Firebase",
  "version": "1.1.1",
  "authors": [
    "Firebase <support@firebase.com> (https://www.firebase.com/)",
    "Michael Lehenbauer <michael@firebase.com>"
  ],
  "homepage": "http://www.firepad.io",
  "repository": {
    "type": "git",
    "url": "https://github.com/firebase/firepad.git"
  },
  "license": "MIT",
  "keywords": [
    "text",
    "word",
    "editor",
    "firebase",
    "realtime",
    "collaborative"
  ],
  "main": [
    "dist/firepad.min.js",
    "dist/firepad.css",
    "dist/firepad.eot"
  ],
  "ignore": [
    "**/.*",
    "lib",
    "font",
    "test",
    "examples",
    "node_modules",
    "bower_components",
    "Gruntfile.js",
    "package.json",
    "changelog.txt"
  ],
  "dependencies": {
    "jsdom": "3.x",
    "firebase": "2.x"
  },
  "devDependencies": {
    "jasmine": "1.3.1",
    "codemirror": "5.x.x"
  },
  "_release": "1.1.1",
  "_resolution": {
    "type": "version",
    "tag": "v1.1.1",
    "commit": "89db92b160ad8c64428327476c1ae02253abd9ac"
  },
  "_source": "git://github.com/firebase/firepad.git",
  "_target": "~1.1.1",
  "_originalSource": "firepad"
}