{
  "name": "angular-animate",
  "version": "1.4.3",
  "main": "./angular-animate.js",
  "ignore": [],
  "dependencies": {
    "angular": "1.4.3"
  },
  "homepage": "https://github.com/angular/bower-angular-animate",
  "_release": "1.4.3",
  "_resolution": {
    "type": "version",
    "tag": "v1.4.3",
    "commit": "4ce2a76359401102d2e0146ccf69e6c060799ff8"
  },
  "_source": "git://github.com/angular/bower-angular-animate.git",
  "_target": "^1.3.0 || >1.4.0-beta.0",
  "_originalSource": "angular-animate"
}